Esn,Localized Device Description,Device Description,Ip,Country,Region Code Display Name,Near Location,Ts
NFANDROID1-PRV-P-L3-SAMSUSM-A515F-8158-72098A0BBD362C1245E88EE339B0E86F6CDE1E7A072F98C1A22D2588A6834A64,samsung_SM-A515F_chid_2eb27aa0-3926-11e9-8c73-9b498cd1a550,samsung_SM-A515F_chid_2eb27aa0-3926-11e9-8c73-9b498cd1a550,2001:861:44c0:d760:1548:dd2e:71d0:d72f,FR,Provence-Alpes-Cote-D'azur,NICE,2024-12-01 13:28:04
NFANDROID1-PRV-P-L3-SAMSUSM-A515F-8158-72098A0BBD362C1245E88EE339B0E86F6CDE1E7A072F98C1A22D2588A6834A64,samsung_SM-A515F_chid_2eb27aa0-3926-11e9-8c73-9b498cd1a550,samsung_SM-A515F_chid_2eb27aa0-3926-11e9-8c73-9b498cd1a550,41.249.64.36,MA,Tanger-tetouan-al Hoceima,CHEFCHAOUEN,2024-07-13 10:04:57
NFANDROID1-PRV-P-L3-SAMSUSM-A515F-8158-72098A0BBD362C1245E88EE339B0E86F6CDE1E7A072F98C1A22D2588A6834A64,samsung_SM-A515F_chid_2eb27aa0-3926-11e9-8c73-9b498cd1a550,samsung_SM-A515F_chid_2eb27aa0-3926-11e9-8c73-9b498cd1a550,2a04:cec0:1061:a224:0:6:417:2101,FR,Auvergne-Rhone-Alpes,LYON,2024-09-22 15:22:48
NFANDROID1-PRV-P-L3-SAMSUSM-A515F-8158-72098A0BBD362C1245E88EE339B0E86F6CDE1E7A072F98C1A22D2588A6834A64,samsung_SM-A515F_chid_2eb27aa0-3926-11e9-8c73-9b498cd1a550,samsung_SM-A515F_chid_2eb27aa0-3926-11e9-8c73-9b498cd1a550,2a04:cec0:1064:39d1:0:4b:d797:401,FR,Auvergne-Rhone-Alpes,LYON,2024-11-25 18:46:17
NFANDROID1-PRV-P-L3-SAMSUSM-A515F-8158-72098A0BBD362C1245E88EE339B0E86F6CDE1E7A072F98C1A22D2588A6834A64,samsung_SM-A515F_chid_2eb27aa0-3926-11e9-8c73-9b498cd1a550,samsung_SM-A515F_chid_2eb27aa0-3926-11e9-8c73-9b498cd1a550,134.214.214.219,FR,Auvergne-Rhone-Alpes,LYON,2024-11-12 15:48:08
NFANDROID1-PRV-P-L3-SAMSUSM-A515F-8158-72098A0BBD362C1245E88EE339B0E86F6CDE1E7A072F98C1A22D2588A6834A64,samsung_SM-A515F_chid_2eb27aa0-3926-11e9-8c73-9b498cd1a550,samsung_SM-A515F_chid_2eb27aa0-3926-11e9-8c73-9b498cd1a550,2a04:cec0:1079:f377:0:58:86db:9a01,FR,Auvergne-Rhone-Alpes,LYON,2024-10-10 08:53:31
NFANDROID1-PRV-P-L3-SAMSUSM-A515F-8158-72098A0BBD362C1245E88EE339B0E86F6CDE1E7A072F98C1A22D2588A6834A64,samsung_SM-A515F_chid_2eb27aa0-3926-11e9-8c73-9b498cd1a550,samsung_SM-A515F_chid_2eb27aa0-3926-11e9-8c73-9b498cd1a550,2a01:cb1d:6e3:7c00:91a1:5f9:a64c:5b69,FR,Provence-Alpes-Cote-D'azur,ANTIBES,2024-03-29 04:13:26
NFANDROID1-PRV-P-L3-SAMSUSM-A515F-8158-72098A0BBD362C1245E88EE339B0E86F6CDE1E7A072F98C1A22D2588A6834A64,samsung_SM-A515F_chid_2eb27aa0-3926-11e9-8c73-9b498cd1a550,samsung_SM-A515F_chid_2eb27aa0-3926-11e9-8c73-9b498cd1a550,80.214.210.80,FR,Auvergne-Rhone-Alpes,VILLEURBANNE,2024-02-15 14:18:37
NFANDROID1-PRV-P-L3-SAMSUSM-A515F-8158-72098A0BBD362C1245E88EE339B0E86F6CDE1E7A072F98C1A22D2588A6834A64,samsung_SM-A515F_chid_2eb27aa0-3926-11e9-8c73-9b498cd1a550,samsung_SM-A515F_chid_2eb27aa0-3926-11e9-8c73-9b498cd1a550,134.214.214.200,FR,Auvergne-Rhone-Alpes,LYON,2024-09-05 14:22:56
NFANDROID1-PRV-P-L3-SAMSUSM-A515F-8158-72098A0BBD362C1245E88EE339B0E86F6CDE1E7A072F98C1A22D2588A6834A64,samsung_SM-A515F_chid_2eb27aa0-3926-11e9-8c73-9b498cd1a550,samsung_SM-A515F_chid_2eb27aa0-3926-11e9-8c73-9b498cd1a550,41.142.100.78,MA,Tanger-tetouan-al Hoceima,KSAR EL KEBIR,2024-08-19 19:24:30
NFANDROID1-PRV-P-L3-SAMSUSM-A515F-8158-72098A0BBD362C1245E88EE339B0E86F6CDE1E7A072F98C1A22D2588A6834A64,samsung_SM-A515F_chid_2eb27aa0-3926-11e9-8c73-9b498cd1a550,samsung_SM-A515F_chid_2eb27aa0-3926-11e9-8c73-9b498cd1a550,134.214.214.141,FR,Auvergne-Rhone-Alpes,LYON,2024-11-18 15:57:12
NFANDROID1-PRV-P-L3-SAMSUSM-A515F-8158-72098A0BBD362C1245E88EE339B0E86F6CDE1E7A072F98C1A22D2588A6834A64,samsung_SM-A515F_chid_2eb27aa0-3926-11e9-8c73-9b498cd1a550,samsung_SM-A515F_chid_2eb27aa0-3926-11e9-8c73-9b498cd1a550,134.214.214.218,FR,Auvergne-Rhone-Alpes,LYON,2024-10-18 14:20:24
NFANDROID1-PRV-P-L3-SAMSUSM-A515F-8158-72098A0BBD362C1245E88EE339B0E86F6CDE1E7A072F98C1A22D2588A6834A64,samsung_SM-A515F_chid_2eb27aa0-3926-11e9-8c73-9b498cd1a550,samsung_SM-A515F_chid_2eb27aa0-3926-11e9-8c73-9b498cd1a550,2a04:cec0:1070:cf47:0:6:409:9901,FR,Auvergne-Rhone-Alpes,ANNECY,2024-09-22 09:20:02
NFANDROID1-PRV-P-L3-SAMSUSM-A515F-8158-72098A0BBD362C1245E88EE339B0E86F6CDE1E7A072F98C1A22D2588A6834A64,samsung_SM-A515F_chid_2eb27aa0-3926-11e9-8c73-9b498cd1a550,samsung_SM-A515F_chid_2eb27aa0-3926-11e9-8c73-9b498cd1a550,196.89.235.148,MA,Tanger-tetouan-al Hoceima,TETOUAN,2024-08-18 16:24:37
NFANDROID1-PRV-P-L3-SAMSUSM-A515F-8158-72098A0BBD362C1245E88EE339B0E86F6CDE1E7A072F98C1A22D2588A6834A64,samsung_SM-A515F_chid_2eb27aa0-3926-11e9-8c73-9b498cd1a550,samsung_SM-A515F_chid_2eb27aa0-3926-11e9-8c73-9b498cd1a550,2a04:cec0:106c:41af:0:5c:cbc7:e201,FR,Auvergne-Rhone-Alpes,BOURG-EN-BRESSE,2024-10-19 16:26:29
NFANDROID1-PRV-P-L3-SAMSUSM-A515F-8158-72098A0BBD362C1245E88EE339B0E86F6CDE1E7A072F98C1A22D2588A6834A64,samsung_SM-A515F_chid_2eb27aa0-3926-11e9-8c73-9b498cd1a550,samsung_SM-A515F_chid_2eb27aa0-3926-11e9-8c73-9b498cd1a550,2a01:e0a:37b:840:746a:a499:15ef:5c74,FR,Ile-De-France,PARIS,2024-08-21 00:10:07
NFANDROID1-PRV-P-L3-SAMSUSM-A515F-8158-72098A0BBD362C1245E88EE339B0E86F6CDE1E7A072F98C1A22D2588A6834A64,samsung_SM-A515F_chid_2eb27aa0-3926-11e9-8c73-9b498cd1a550,samsung_SM-A515F_chid_2eb27aa0-3926-11e9-8c73-9b498cd1a550,2a04:cec0:c01d:d6c9:0:28:acaa:b201,FR,Pays-De-La-Loire,LA ROCHE-SUR-YON,2024-09-04 23:44:47
NFANDROID1-PRV-P-L3-SAMSUSM-A515F-8158-72098A0BBD362C1245E88EE339B0E86F6CDE1E7A072F98C1A22D2588A6834A64,samsung_SM-A515F_chid_2eb27aa0-3926-11e9-8c73-9b498cd1a550,samsung_SM-A515F_chid_2eb27aa0-3926-11e9-8c73-9b498cd1a550,2a04:cec0:11a7:dfa7:0:13:7882:af01,FR,Provence-Alpes-Cote-D'azur,LA SEYNE-SUR-MER,2024-02-07 19:05:22
NFANDROID1-PRV-P-L3-SAMSUSM-A515F-8158-72098A0BBD362C1245E88EE339B0E86F6CDE1E7A072F98C1A22D2588A6834A64,samsung_SM-A515F_chid_2eb27aa0-3926-11e9-8c73-9b498cd1a550,samsung_SM-A515F_chid_2eb27aa0-3926-11e9-8c73-9b498cd1a550,2a04:cec0:106a:dfb6:0:5d:8e5e:b001,FR,Bourgogne-Franche-Comte,MACON,2024-06-29 21:53:32
NFANDROID1-PRV-P-L3-SAMSUSM-A515F-8158-72098A0BBD362C1245E88EE339B0E86F6CDE1E7A072F98C1A22D2588A6834A64,samsung_SM-A515F_chid_2eb27aa0-3926-11e9-8c73-9b498cd1a550,samsung_SM-A515F_chid_2eb27aa0-3926-11e9-8c73-9b498cd1a550,2a04:cec0:c023:b36b:0:28:9685:801,FR,Ile-De-France,PARIS,2024-09-21 10:43:12
NFANDROID1-PRV-P-L3-SAMSUSM-A515F-8158-72098A0BBD362C1245E88EE339B0E86F6CDE1E7A072F98C1A22D2588A6834A64,samsung_SM-A515F_chid_2eb27aa0-3926-11e9-8c73-9b498cd1a550,samsung_SM-A515F_chid_2eb27aa0-3926-11e9-8c73-9b498cd1a550,2a04:cec0:1076:e104:0:58:86eb:5001,FR,Auvergne-Rhone-Alpes,ROANNE,2024-10-10 17:03:36
NFANDROID1-PRV-P-L3-SAMSUSM-A515F-8158-72098A0BBD362C1245E88EE339B0E86F6CDE1E7A072F98C1A22D2588A6834A64,samsung_SM-A515F_chid_2eb27aa0-3926-11e9-8c73-9b498cd1a550,samsung_SM-A515F_chid_2eb27aa0-3926-11e9-8c73-9b498cd1a550,91.173.236.33,FR,Ile-De-France,PARIS,2024-08-23 01:41:57
NFANDROID1-PRV-P-L3-SAMSUSM-A515F-8158-72098A0BBD362C1245E88EE339B0E86F6CDE1E7A072F98C1A22D2588A6834A64,samsung_SM-A515F_chid_2eb27aa0-3926-11e9-8c73-9b498cd1a550,samsung_SM-A515F_chid_2eb27aa0-3926-11e9-8c73-9b498cd1a550,2a04:cec0:1071:4dc2:0:22:eae2:2501,FR,Auvergne-Rhone-Alpes,CHAMELET,2024-05-15 20:44:05
NFANDROID1-PRV-P-L3-SAMSUSM-A515F-8158-72098A0BBD362C1245E88EE339B0E86F6CDE1E7A072F98C1A22D2588A6834A64,samsung_SM-A515F_chid_2eb27aa0-3926-11e9-8c73-9b498cd1a550,samsung_SM-A515F_chid_2eb27aa0-3926-11e9-8c73-9b498cd1a550,2a04:cec0:1071:b4e8:0:67:9abf:1401,FR,Auvergne-Rhone-Alpes,LYON,2024-11-24 02:44:30
NFANDROID1-PRV-P-L3-SAMSUSM-A515F-8158-72098A0BBD362C1245E88EE339B0E86F6CDE1E7A072F98C1A22D2588A6834A64,samsung_SM-A515F_chid_2eb27aa0-3926-11e9-8c73-9b498cd1a550,samsung_SM-A515F_chid_2eb27aa0-3926-11e9-8c73-9b498cd1a550,154.49.228.81,FR,Grand-Est,VERDUN,2024-10-13 15:32:40
NFANDROID1-PRV-P-L3-SAMSUSM-A515F-8158-72098A0BBD362C1245E88EE339B0E86F6CDE1E7A072F98C1A22D2588A6834A64,samsung_SM-A515F_chid_2eb27aa0-3926-11e9-8c73-9b498cd1a550,samsung_SM-A515F_chid_2eb27aa0-3926-11e9-8c73-9b498cd1a550,2a04:cec0:107b:2c31:0:58:8737:b801,FR,Auvergne-Rhone-Alpes,LYON,2024-10-13 17:09:30
NFANDROID1-PRV-P-L3-SAMSUSM-A515F-8158-72098A0BBD362C1245E88EE339B0E86F6CDE1E7A072F98C1A22D2588A6834A64,samsung_SM-A515F_chid_2eb27aa0-3926-11e9-8c73-9b498cd1a550,samsung_SM-A515F_chid_2eb27aa0-3926-11e9-8c73-9b498cd1a550,2a04:cec0:107d:f9ac:0:3f:3fc4:e001,FR,Auvergne-Rhone-Alpes,LYON,2024-09-22 21:03:55
NFANDROID1-PRV-P-L3-SAMSUSM-A515F-8158-72098A0BBD362C1245E88EE339B0E86F6CDE1E7A072F98C1A22D2588A6834A64,samsung_SM-A515F_chid_2eb27aa0-3926-11e9-8c73-9b498cd1a550,samsung_SM-A515F_chid_2eb27aa0-3926-11e9-8c73-9b498cd1a550,154.49.228.81,FR,Normandie,ROUEN,2024-11-17 11:28:22
NFANDROID1-PRV-P-L3-SAMSUSM-A515F-8158-72098A0BBD362C1245E88EE339B0E86F6CDE1E7A072F98C1A22D2588A6834A64,samsung_SM-A515F_chid_2eb27aa0-3926-11e9-8c73-9b498cd1a550,samsung_SM-A515F_chid_2eb27aa0-3926-11e9-8c73-9b498cd1a550,89.84.127.34,FR,Ile-De-France,PARIS,2024-09-16 15:28:28
NFANDROID1-PRV-P-SAMSUSM-A526B-19970-CAF15674033B9C01F59971ABFC1C2B1F64FDCDE91B86D7CED3BD968CBF9A2465,DefaultWidevinePhone,DefaultWidevinePhone,41.248.20.43,MA,Tanger-tetouan-al Hoceima,TETOUAN,2024-07-08 14:43:55
NFAPPL-02-IPHONE13=2-294B5ACB1FBFF88D3EFFEDB98FF00A15B2CE582E61A41257854DF41C6FDD0306,iPhone 12,iPhone 12,2a01:cb1d:4c1:8700:a5fa:704:d972:cbab,FR,Provence-Alpes-Cote-D'azur,FREJUS,2024-09-30 01:37:56
NFAPPL-02-IPHONE13=2-294B5ACB1FBFF88D3EFFEDB98FF00A15B2CE582E61A41257854DF41C6FDD0306,iPhone 12,iPhone 12,196.89.235.148,MA,Tanger-tetouan-al Hoceima,TETOUAN,2024-08-19 00:56:07
NFAPPL-02-IPHONE13=2-294B5ACB1FBFF88D3EFFEDB98FF00A15B2CE582E61A41257854DF41C6FDD0306,iPhone 12,iPhone 12,105.155.36.210,MA,Tanger-tetouan-al Hoceima,TETOUAN,2024-04-27 01:04:14
NFAPPL-02-IPHONE13=2-294B5ACB1FBFF88D3EFFEDB98FF00A15B2CE582E61A41257854DF41C6FDD0306,iPhone 12,iPhone 12,196.70.76.153,MA,Tanger-tetouan-al Hoceima,TETOUAN,2024-04-19 00:39:12
NFAPPL-02-IPHONE13=2-294B5ACB1FBFF88D3EFFEDB98FF00A15B2CE582E61A41257854DF41C6FDD0306,iPhone 12,iPhone 12,41.249.76.156,MA,Tanger-tetouan-al Hoceima,CHEFCHAOUEN,2024-03-27 04:34:50
NFAPPL-02-IPHONE13=2-294B5ACB1FBFF88D3EFFEDB98FF00A15B2CE582E61A41257854DF41C6FDD0306,iPhone 12,iPhone 12,196.66.55.129,MA,Tanger-tetouan-al Hoceima,TANGER,2024-03-30 04:36:24
NFAPPL-02-IPHONE13=2-294B5ACB1FBFF88D3EFFEDB98FF00A15B2CE582E61A41257854DF41C6FDD0306,iPhone 12,iPhone 12,41.143.89.33,MA,Tanger-tetouan-al Hoceima,TETOUAN,2024-03-26 03:55:02
NFAPPL-02-IPHONE13=2-294B5ACB1FBFF88D3EFFEDB98FF00A15B2CE582E61A41257854DF41C6FDD0306,iPhone 12,iPhone 12,41.142.119.135,MA,Tanger-tetouan-al Hoceima,FNIDEQ,2024-02-10 13:31:55
NFAPPL-02-IPHONE13=2-294B5ACB1FBFF88D3EFFEDB98FF00A15B2CE582E61A41257854DF41C6FDD0306,iPhone 12,iPhone 12,2a01:cb1d:4c1:8700:a9ed:8731:c2ac:396f,FR,Provence-Alpes-Cote-D'azur,FREJUS,2024-09-01 23:27:53
NFAPPL-02-IPHONE13=2-294B5ACB1FBFF88D3EFFEDB98FF00A15B2CE582E61A41257854DF41C6FDD0306,iPhone 12,iPhone 12,2a01:e0a:37b:840:8a6:4309:526b:dd9e,FR,Ile-De-France,PARIS,2024-08-21 20:34:02
NFAPPL-02-IPHONE13=2-294B5ACB1FBFF88D3EFFEDB98FF00A15B2CE582E61A41257854DF41C6FDD0306,iPhone 12,iPhone 12,196.70.83.110,MA,Tanger-tetouan-al Hoceima,MARTIL,2024-04-24 01:06:28
NFAPPL-02-IPHONE13=2-294B5ACB1FBFF88D3EFFEDB98FF00A15B2CE582E61A41257854DF41C6FDD0306,iPhone 12,iPhone 12,2a01:e0a:37b:840:5c6c:c261:195b:5449,FR,Ile-De-France,PARIS,2024-08-24 23:40:57
NFAPPL-02-IPHONE13=2-294B5ACB1FBFF88D3EFFEDB98FF00A15B2CE582E61A41257854DF41C6FDD0306,iPhone 12,iPhone 12,160.170.89.192,MA,Casablanca-settat,CASABLANCA,2024-08-19 16:47:12
NFAPPL-02-IPHONE13=2-294B5ACB1FBFF88D3EFFEDB98FF00A15B2CE582E61A41257854DF41C6FDD0306,iPhone 12,iPhone 12,105.155.60.16,MA,Tanger-tetouan-al Hoceima,FNIDEQ,2024-04-25 00:21:57
NFAPPL-02-IPHONE13=2-294B5ACB1FBFF88D3EFFEDB98FF00A15B2CE582E61A41257854DF41C6FDD0306,iPhone 12,iPhone 12,105.155.33.200,MA,Tanger-tetouan-al Hoceima,TETOUAN,2024-02-29 12:35:23
NFAPPL-02-IPHONE13=2-294B5ACB1FBFF88D3EFFEDB98FF00A15B2CE582E61A41257854DF41C6FDD0306,iPhone 12,iPhone 12,196.95.4.2,MA,Tanger-tetouan-al Hoceima,TANGER,2024-08-19 18:54:17
NFAPPL-02-IPHONE13=2-294B5ACB1FBFF88D3EFFEDB98FF00A15B2CE582E61A41257854DF41C6FDD0306,iPhone 12,iPhone 12,41.143.89.216,MA,Tanger-tetouan-al Hoceima,TETOUAN,2024-06-04 01:36:43
NFAPPL-02-IPHONE13=2-294B5ACB1FBFF88D3EFFEDB98FF00A15B2CE582E61A41257854DF41C6FDD0306,iPhone 12,iPhone 12,160.177.229.206,MA,Tanger-tetouan-al Hoceima,TETOUAN,2024-02-16 03:06:18
NFAPPL-02-IPHONE13=2-294B5ACB1FBFF88D3EFFEDB98FF00A15B2CE582E61A41257854DF41C6FDD0306,iPhone 12,iPhone 12,2a01:cb1d:4c1:8700:6066:4990:3dc6:7d3a,FR,Provence-Alpes-Cote-D'azur,FREJUS,2024-09-06 23:04:56
NFAPPL-02-IPHONE13=2-294B5ACB1FBFF88D3EFFEDB98FF00A15B2CE582E61A41257854DF41C6FDD0306,iPhone 12,iPhone 12,105.155.37.160,MA,Tanger-tetouan-al Hoceima,TETOUAN,2024-02-19 01:57:24
NFAPPL-02-IPHONE13=2-294B5ACB1FBFF88D3EFFEDB98FF00A15B2CE582E61A41257854DF41C6FDD0306,iPhone 12,iPhone 12,160.177.139.119,MA,Tanger-tetouan-al Hoceima,MARTIL,2024-08-12 00:20:46
NFAPPL-02-IPHONE13=2-294B5ACB1FBFF88D3EFFEDB98FF00A15B2CE582E61A41257854DF41C6FDD0306,iPhone 12,iPhone 12,160.177.141.134,MA,Tanger-tetouan-al Hoceima,FNIDEQ,2024-02-26 00:35:31
NFAPPL-02-IPHONE13=2-294B5ACB1FBFF88D3EFFEDB98FF00A15B2CE582E61A41257854DF41C6FDD0306,iPhone 12,iPhone 12,105.158.202.17,MA,Tanger-tetouan-al Hoceima,TETOUAN,2024-05-20 21:18:05
NFAPPL-02-IPHONE13=2-294B5ACB1FBFF88D3EFFEDB98FF00A15B2CE582E61A41257854DF41C6FDD0306,iPhone 12,iPhone 12,196.89.243.44,MA,Tanger-tetouan-al Hoceima,TETOUAN,2024-05-06 00:34:02
NFAPPL-02-IPHONE13=2-294B5ACB1FBFF88D3EFFEDB98FF00A15B2CE582E61A41257854DF41C6FDD0306,iPhone 12,iPhone 12,41.249.73.216,MA,Tanger-tetouan-al Hoceima,TETOUAN,2024-02-21 00:40:00
NFAPPL-02-IPHONE13=2-294B5ACB1FBFF88D3EFFEDB98FF00A15B2CE582E61A41257854DF41C6FDD0306,iPhone 12,iPhone 12,196.70.78.129,MA,Tanger-tetouan-al Hoceima,TETOUAN,2024-07-27 00:45:01
NFAPPL-02-IPHONE13=2-294B5ACB1FBFF88D3EFFEDB98FF00A15B2CE582E61A41257854DF41C6FDD0306,iPhone 12,iPhone 12,196.89.241.3,MA,Tanger-tetouan-al Hoceima,TETOUAN,2024-02-11 22:59:03
NFAPPL-02-IPHONE13=2-294B5ACB1FBFF88D3EFFEDB98FF00A15B2CE582E61A41257854DF41C6FDD0306,iPhone 12,iPhone 12,2a01:cb1d:4c1:8700:2dc4:eda2:cd7c:e1a0,FR,Provence-Alpes-Cote-D'azur,FREJUS,2024-09-29 01:05:26
NFAPPL-02-IPHONE13=2-294B5ACB1FBFF88D3EFFEDB98FF00A15B2CE582E61A41257854DF41C6FDD0306,iPhone 12,iPhone 12,196.89.243.216,MA,Tanger-tetouan-al Hoceima,TETOUAN,2024-02-08 00:43:49
NFAPPL-02-IPHONE13=2-294B5ACB1FBFF88D3EFFEDB98FF00A15B2CE582E61A41257854DF41C6FDD0306,iPhone 12,iPhone 12,160.179.218.180,MA,Tanger-tetouan-al Hoceima,TETOUAN,2024-03-04 00:55:19
NFAPPL-02-IPHONE13=2-294B5ACB1FBFF88D3EFFEDB98FF00A15B2CE582E61A41257854DF41C6FDD0306,iPhone 12,iPhone 12,2a01:e0a:37b:840:5424:a555:27a1:9a34,FR,Ile-De-France,PARIS,2024-08-25 15:00:46
NFAPPL-02-IPHONE13=2-294B5ACB1FBFF88D3EFFEDB98FF00A15B2CE582E61A41257854DF41C6FDD0306,iPhone 12,iPhone 12,91.173.236.33,FR,Ile-De-France,PARIS,2024-08-25 15:54:27
NFCDCH-02-L10P38E18R94W2QN5YM4D8DM02KMLV,chrome-cadmium,chrome-cadmium,160.177.139.100,MA,Tanger-tetouan-al Hoceima,FNIDEQ,2024-04-05 20:01:00
NFCDCH-02-L4WXZMDGRVTC85A9DNKEN9A1UC9QYA,Chrome PC (Cadmium),Chrome PC (Cadmium),2001:861:44c0:d760:94a7:e297:2d73:f71,FR,Provence-Alpes-Cote-D'azur,NICE,2024-10-30 16:01:47
NFCDCH-02-L4WXZMDGRVTC85A9DNKEN9A1UC9QYA,Chrome PC (Cadmium),Chrome PC (Cadmium),105.155.52.149,MA,Tanger-tetouan-al Hoceima,TETOUAN,2024-05-22 22:56:34
NFCDCH-02-LJ4VFXGUKCG2LK9DUNRR7WDTE11XLM,chrome-cadmium,chrome-cadmium,134.214.214.148,FR,Auvergne-Rhone-Alpes,LYON,2024-10-18 14:18:46
NFCDCH-02-LK4P28KFNQJTRE2EDA85TJUU4962J9,,,2001:861:44c0:d760:94a7:e297:2d73:f71,FR,Provence-Alpes-Cote-D'azur,NICE,2024-10-30 16:01:34
NFCDCH-MC-JKDC0TEJ2LHDYLT5MR7H3RX5YNTGVU,chrome-cadmium,chrome-cadmium,2a01:cb1d:62b:d100:c5a1:26e0:258b:ab32,FR,Provence-Alpes-Cote-D'azur,ANTIBES,2024-03-03 01:15:53
NFCDCH-MC-JKDC0TEJ2LHDYLT5MR7H3RX5YNTGVU,chrome-cadmium,chrome-cadmium,2a01:cb1d:62b:d100:d5e0:62b4:f1ce:c00a,FR,Provence-Alpes-Cote-D'azur,ANTIBES,2024-02-24 00:18:07
NFCDCH-MC-JKDC0TEJ2LHDYLT5MR7H3RX5YNTGVU,chrome-cadmium,chrome-cadmium,2a01:cb1d:62b:d100:c955:a65a:b4b8:4adb,FR,Provence-Alpes-Cote-D'azur,ANTIBES,2024-03-10 00:50:56
NFCDCH-MC-JKDC0TEJ2LHDYLT5MR7H3RX5YNTGVU,chrome-cadmium,chrome-cadmium,2a01:cb1d:62b:d100:fd04:bb9a:4888:5829,FR,Provence-Alpes-Cote-D'azur,ANTIBES,2024-02-25 18:29:17
NFCDCH-MC-JKDC0TEJ2LHDYLT5MR7H3RX5YNTGVU,chrome-cadmium,chrome-cadmium,2a01:cb1d:62b:d100:d47a:ccd9:9dc3:38b9,FR,Provence-Alpes-Cote-D'azur,ANTIBES,2024-02-24 23:50:21
NFCDCH-MC-JKDC0TEJ2LHDYLT5MR7H3RX5YNTGVU,chrome-cadmium,chrome-cadmium,2a01:cb1d:62b:d100:d939:2110:351b:39a,FR,Provence-Alpes-Cote-D'azur,ANTIBES,2024-03-03 20:02:54
NFCDCH-MC-KXKEE7MCKTYH4EHUL3K8WT9MW03KAV,,,2a01:cb1d:62b:d100:d5e0:62b4:f1ce:c00a,FR,Provence-Alpes-Cote-D'azur,ANTIBES,2024-02-24 00:18:01
NFCDCH-MC-LJ89Z6UN12LMAW2323NM2T5E6PGCHW,chrome-cadmium,chrome-cadmium,2001:861:44c0:d760:4069:1f8e:5d9e:5510,FR,Provence-Alpes-Cote-D'azur,NICE,2024-11-16 22:45:54
NFCDCH-MC-LJ89Z6UN12LMAW2323NM2T5E6PGCHW,chrome-cadmium,chrome-cadmium,2001:861:44c0:d760:d80a:d73b:9188:ff64,FR,Provence-Alpes-Cote-D'azur,NICE,2024-10-19 21:43:28
NFCDCH-MC-LJ89Z6UN12LMAW2323NM2T5E6PGCHW,chrome-cadmium,chrome-cadmium,2001:861:44c0:d760:b3:78b8:35a9:983c,FR,Provence-Alpes-Cote-D'azur,NICE,2024-10-20 21:16:05
NFCDCH-MC-LJ89Z6UN12LMAW2323NM2T5E6PGCHW,chrome-cadmium,chrome-cadmium,2001:861:44c0:d760:f1fa:9f17:a552:a832,FR,Provence-Alpes-Cote-D'azur,NICE,2024-11-10 21:24:19
NFCDCH-MC-LJ89Z6UN12LMAW2323NM2T5E6PGCHW,chrome-cadmium,chrome-cadmium,2001:861:44c0:d760:a8c3:5d84:4aaa:ef46,FR,Provence-Alpes-Cote-D'azur,NICE,2024-11-09 23:29:39
NFCDCH-MC-LJ89Z6UN12LMAW2323NM2T5E6PGCHW,chrome-cadmium,chrome-cadmium,2001:861:44c0:d760:ac0a:a2a3:21c1:a5ca,FR,Provence-Alpes-Cote-D'azur,NICE,2024-11-15 22:50:01
NFCDIE-03-LA89RGU7718YPK9DGHCXR6NY8V8471,edge-cadmium,edge-cadmium,2001:861:44c0:d760:94a7:e297:2d73:f71,FR,Provence-Alpes-Cote-D'azur,NICE,2024-10-30 15:41:35
NFCDIE-03-LA89RGU7718YPK9DGHCXR6NY8V8471,edge-cadmium,edge-cadmium,2a01:cb1d:4c1:8700:4577:c60f:1513:af48,FR,Provence-Alpes-Cote-D'azur,FREJUS,2024-09-06 21:11:42
NFCDIE-03-LA89RGU7718YPK9DGHCXR6NY8V8471,edge-cadmium,edge-cadmium,160.177.139.119,MA,Tanger-tetouan-al Hoceima,MARTIL,2024-08-11 21:40:03
NFCDIE-03-LA89RGU7718YPK9DGHCXR6NY8V8471,edge-cadmium,edge-cadmium,160.177.231.20,MA,Tanger-tetouan-al Hoceima,MARTIL,2024-08-12 17:34:55
NFCDIE-03-LA89RGU7718YPK9DGHCXR6NY8V8471,edge-cadmium,edge-cadmium,196.89.245.77,MA,Tanger-tetouan-al Hoceima,TETOUAN,2024-08-10 16:52:34
NFCDIE-03-LA89RGU7718YPK9DGHCXR6NY8V8471,edge-cadmium,edge-cadmium,105.155.52.218,MA,Tanger-tetouan-al Hoceima,TETOUAN,2024-08-10 16:52:33
NFCDIE-03-LA89RGU7718YPK9DGHCXR6NY8V8471,edge-cadmium,edge-cadmium,196.89.235.148,MA,Tanger-tetouan-al Hoceima,TETOUAN,2024-08-19 01:30:25
NFCDIE-03-LA89RGU7718YPK9DGHCXR6NY8V8471,edge-cadmium,edge-cadmium,196.70.78.129,MA,Tanger-tetouan-al Hoceima,TETOUAN,2024-07-26 22:45:50
NFCDIE-03-LA89RGU7718YPK9DGHCXR6NY8V8471,edge-cadmium,edge-cadmium,2001:861:44c0:d760:d4cc:1d28:95e6:67a8,FR,Provence-Alpes-Cote-D'azur,NICE,2024-11-23 21:31:26
NFCDIE-03-LA89RGU7718YPK9DGHCXR6NY8V8471,edge-cadmium,edge-cadmium,2001:861:44c0:d760:9420:f6c:e87e:8fa0,FR,Provence-Alpes-Cote-D'azur,NICE,2024-11-16 19:39:58
NFCDIE-03-LA89RGU7718YPK9DGHCXR6NY8V8471,edge-cadmium,edge-cadmium,41.142.113.22,MA,Tanger-tetouan-al Hoceima,TETOUAN,2024-07-28 17:35:58
NFCDIE-03-LA89RGU7718YPK9DGHCXR6NY8V8471,edge-cadmium,edge-cadmium,2a01:cb1d:4c1:8700:cc4f:a96:6722:f026,FR,Provence-Alpes-Cote-D'azur,FREJUS,2024-09-28 19:54:49
NFCDIE-03-LA89RGU7718YPK9DGHCXR6NY8V8471,edge-cadmium,edge-cadmium,2a01:cb1d:4c1:8700:e1d2:565c:1898:94f1,FR,Provence-Alpes-Cote-D'azur,FREJUS,2024-09-28 19:55:31
NFCDIE-03-LA89RGU7718YPK9DGHCXR6NY8V8471,edge-cadmium,edge-cadmium,105.155.36.252,MA,Tanger-tetouan-al Hoceima,TETOUAN,2024-08-01 00:13:58
NFCDIE-03-LA89RGU7718YPK9DGHCXR6NY8V8471,edge-cadmium,edge-cadmium,2a01:cb1d:4c1:8700:9106:b12d:159b:3e0b,FR,Provence-Alpes-Cote-D'azur,FREJUS,2024-09-08 22:31:44
NFCDIE-03-LA89RGU7718YPK9DGHCXR6NY8V8471,edge-cadmium,edge-cadmium,2001:861:44c0:d760:4d2f:295e:2e57:1b4c,FR,Provence-Alpes-Cote-D'azur,NICE,2024-11-29 19:21:01
NFCDIE-03-LA89RGU7718YPK9DGHCXR6NY8V8471,edge-cadmium,edge-cadmium,2a01:cb1d:4c1:8700:418a:e784:386f:ee2f,FR,Provence-Alpes-Cote-D'azur,FREJUS,2024-09-05 22:32:39
NFCDIE-03-LA89RGU7718YPK9DGHCXR6NY8V8471,edge-cadmium,edge-cadmium,196.70.82.57,MA,Tanger-tetouan-al Hoceima,TETOUAN,2024-07-31 01:13:00
NFCDIE-03-LETMHD74DG1XNLVT708LLAQKFNPA8Y,edge-cadmium,edge-cadmium,2a04:cec0:c01b:1ca1:65b7:f4da:e12d:f565,FR,Ile-De-France,PARIS,2024-09-13 23:21:16
NFCDIE-03-LETMHD74DG1XNLVT708LLAQKFNPA8Y,edge-cadmium,edge-cadmium,2a04:cec0:c001:f91e:c570:9fe6:710b:4ac1,FR,Ile-De-France,PARIS,2024-09-07 22:24:56
NFCDIE-03-LETMHD74DG1XNLVT708LLAQKFNPA8Y,edge-cadmium,edge-cadmium,2a04:cec0:c02a:eae7:65b7:f4da:e12d:f565,FR,Ile-De-France,PARIS,2024-09-13 23:20:47
NFCDIE-03-LETMHD74DG1XNLVT708LLAQKFNPA8Y,edge-cadmium,edge-cadmium,154.49.228.81,FR,Grand-Est,VERDUN,2024-10-13 15:29:49
NFCDIE-03-LHW8U140TECYJ4H0U0JE4K1TF3U4U9,edge-cadmium,edge-cadmium,154.49.228.81,FR,Grand-Est,VERDUN,2024-10-26 15:31:18
NFCDIE-03-LHW8U140TECYJ4H0U0JE4K1TF3U4U9,edge-cadmium,edge-cadmium,134.214.214.148,FR,Auvergne-Rhone-Alpes,LYON,2024-10-18 14:10:22
NFUWA-001-0B2AD487A619F779D25CA1FA2B424AFE442A74BA25F2EC09585CC837A1C1379465AEC4F4A43F1EBC5AA9BEBC1D4E6F1CC8D151268EA0D36B7297F09B3DD1127D,windows-uwa,windows-uwa,41.249.64.229,MA,Tanger-tetouan-al Hoceima,TETOUAN,2024-03-11 20:17:37
NFUWA-001-0B2AD487A619F779D25CA1FA2B424AFE442A74BA25F2EC09585CC837A1C1379465AEC4F4A43F1EBC5AA9BEBC1D4E6F1CC8D151268EA0D36B7297F09B3DD1127D,windows-uwa,windows-uwa,160.177.140.35,MA,Tanger-tetouan-al Hoceima,TETOUAN,2024-02-17 22:39:23
NFUWA-001-0B2AD487A619F779D25CA1FA2B424AFE442A74BA25F2EC09585CC837A1C1379465AEC4F4A43F1EBC5AA9BEBC1D4E6F1CC8D151268EA0D36B7297F09B3DD1127D,windows-uwa,windows-uwa,41.143.89.33,MA,Tanger-tetouan-al Hoceima,TETOUAN,2024-03-26 02:23:51
NFUWA-001-0B2AD487A619F779D25CA1FA2B424AFE442A74BA25F2EC09585CC837A1C1379465AEC4F4A43F1EBC5AA9BEBC1D4E6F1CC8D151268EA0D36B7297F09B3DD1127D,windows-uwa,windows-uwa,160.178.249.100,MA,Tanger-tetouan-al Hoceima,TETOUAN,2024-02-13 23:03:11
NFUWA-001-0B2AD487A619F779D25CA1FA2B424AFE442A74BA25F2EC09585CC837A1C1379465AEC4F4A43F1EBC5AA9BEBC1D4E6F1CC8D151268EA0D36B7297F09B3DD1127D,windows-uwa,windows-uwa,196.70.83.110,MA,Tanger-tetouan-al Hoceima,MARTIL,2024-04-23 19:21:57
NFUWA-001-0B2AD487A619F779D25CA1FA2B424AFE442A74BA25F2EC09585CC837A1C1379465AEC4F4A43F1EBC5AA9BEBC1D4E6F1CC8D151268EA0D36B7297F09B3DD1127D,windows-uwa,windows-uwa,160.177.139.99,MA,Tanger-tetouan-al Hoceima,TETOUAN,2024-05-16 21:39:45
NFUWA-001-0B2AD487A619F779D25CA1FA2B424AFE442A74BA25F2EC09585CC837A1C1379465AEC4F4A43F1EBC5AA9BEBC1D4E6F1CC8D151268EA0D36B7297F09B3DD1127D,windows-uwa,windows-uwa,196.89.246.82,MA,Tanger-tetouan-al Hoceima,FNIDEQ,2024-03-30 00:56:54
NFUWA-001-0B2AD487A619F779D25CA1FA2B424AFE442A74BA25F2EC09585CC837A1C1379465AEC4F4A43F1EBC5AA9BEBC1D4E6F1CC8D151268EA0D36B7297F09B3DD1127D,windows-uwa,windows-uwa,41.143.100.241,MA,Tanger-tetouan-al Hoceima,TETOUAN,2024-05-08 18:17:12
NFUWA-001-0B2AD487A619F779D25CA1FA2B424AFE442A74BA25F2EC09585CC837A1C1379465AEC4F4A43F1EBC5AA9BEBC1D4E6F1CC8D151268EA0D36B7297F09B3DD1127D,windows-uwa,windows-uwa,160.178.251.214,MA,Tanger-tetouan-al Hoceima,TETOUAN,2024-02-14 16:11:12
NFUWA-001-0B2AD487A619F779D25CA1FA2B424AFE442A74BA25F2EC09585CC837A1C1379465AEC4F4A43F1EBC5AA9BEBC1D4E6F1CC8D151268EA0D36B7297F09B3DD1127D,windows-uwa,windows-uwa,160.177.229.206,MA,Tanger-tetouan-al Hoceima,TETOUAN,2024-02-15 23:25:55
NFUWA-001-0B2AD487A619F779D25CA1FA2B424AFE442A74BA25F2EC09585CC837A1C1379465AEC4F4A43F1EBC5AA9BEBC1D4E6F1CC8D151268EA0D36B7297F09B3DD1127D,windows-uwa,windows-uwa,160.179.218.180,MA,Tanger-tetouan-al Hoceima,TETOUAN,2024-03-03 18:33:23
NFUWA-001-0B2AD487A619F779D25CA1FA2B424AFE442A74BA25F2EC09585CC837A1C1379465AEC4F4A43F1EBC5AA9BEBC1D4E6F1CC8D151268EA0D36B7297F09B3DD1127D,windows-uwa,windows-uwa,105.155.37.160,MA,Tanger-tetouan-al Hoceima,TETOUAN,2024-02-18 23:47:13
NFUWA-001-0B2AD487A619F779D25CA1FA2B424AFE442A74BA25F2EC09585CC837A1C1379465AEC4F4A43F1EBC5AA9BEBC1D4E6F1CC8D151268EA0D36B7297F09B3DD1127D,windows-uwa,windows-uwa,41.249.69.63,MA,Tanger-tetouan-al Hoceima,CHEFCHAOUEN,2024-03-19 03:13:32
NFUWA-001-0B2AD487A619F779D25CA1FA2B424AFE442A74BA25F2EC09585CC837A1C1379465AEC4F4A43F1EBC5AA9BEBC1D4E6F1CC8D151268EA0D36B7297F09B3DD1127D,windows-uwa,windows-uwa,196.77.126.69,MA,Tanger-tetouan-al Hoceima,TETOUAN,2024-04-04 19:39:10
NFUWA-001-0B2AD487A619F779D25CA1FA2B424AFE442A74BA25F2EC09585CC837A1C1379465AEC4F4A43F1EBC5AA9BEBC1D4E6F1CC8D151268EA0D36B7297F09B3DD1127D,windows-uwa,windows-uwa,160.179.220.193,MA,Tanger-tetouan-al Hoceima,TETOUAN,2024-02-26 17:00:13
NFUWA-001-0B2AD487A619F779D25CA1FA2B424AFE442A74BA25F2EC09585CC837A1C1379465AEC4F4A43F1EBC5AA9BEBC1D4E6F1CC8D151268EA0D36B7297F09B3DD1127D,windows-uwa,windows-uwa,160.177.141.134,MA,Tanger-tetouan-al Hoceima,FNIDEQ,2024-02-25 22:07:27
NFUWA-001-0B2AD487A619F779D25CA1FA2B424AFE442A74BA25F2EC09585CC837A1C1379465AEC4F4A43F1EBC5AA9BEBC1D4E6F1CC8D151268EA0D36B7297F09B3DD1127D,windows-uwa,windows-uwa,196.65.250.149,MA,Tanger-tetouan-al Hoceima,MARTIL,2024-03-09 15:56:18
NFUWA-001-0B2AD487A619F779D25CA1FA2B424AFE442A74BA25F2EC09585CC837A1C1379465AEC4F4A43F1EBC5AA9BEBC1D4E6F1CC8D151268EA0D36B7297F09B3DD1127D,windows-uwa,windows-uwa,41.248.21.89,MA,Tanger-tetouan-al Hoceima,TETOUAN,2024-05-02 19:13:32
NFUWA-001-0B2AD487A619F779D25CA1FA2B424AFE442A74BA25F2EC09585CC837A1C1379465AEC4F4A43F1EBC5AA9BEBC1D4E6F1CC8D151268EA0D36B7297F09B3DD1127D,windows-uwa,windows-uwa,196.89.238.10,MA,Tanger-tetouan-al Hoceima,TETOUAN,2024-04-21 22:32:04
NFUWA-001-0B2AD487A619F779D25CA1FA2B424AFE442A74BA25F2EC09585CC837A1C1379465AEC4F4A43F1EBC5AA9BEBC1D4E6F1CC8D151268EA0D36B7297F09B3DD1127D,windows-uwa,windows-uwa,41.249.75.63,MA,Tanger-tetouan-al Hoceima,TETOUAN,2024-02-08 16:20:04
NFUWA-001-0B2AD487A619F779D25CA1FA2B424AFE442A74BA25F2EC09585CC837A1C1379465AEC4F4A43F1EBC5AA9BEBC1D4E6F1CC8D151268EA0D36B7297F09B3DD1127D,windows-uwa,windows-uwa,160.177.139.100,MA,Tanger-tetouan-al Hoceima,FNIDEQ,2024-04-05 19:55:28
NFUWA-001-0B2AD487A619F779D25CA1FA2B424AFE442A74BA25F2EC09585CC837A1C1379465AEC4F4A43F1EBC5AA9BEBC1D4E6F1CC8D151268EA0D36B7297F09B3DD1127D,windows-uwa,windows-uwa,41.142.114.255,MA,Tanger-tetouan-al Hoceima,TETOUAN,2024-04-03 19:31:58
NFUWA-001-0B2AD487A619F779D25CA1FA2B424AFE442A74BA25F2EC09585CC837A1C1379465AEC4F4A43F1EBC5AA9BEBC1D4E6F1CC8D151268EA0D36B7297F09B3DD1127D,windows-uwa,windows-uwa,105.155.38.80,MA,Tanger-tetouan-al Hoceima,TETOUAN,2024-03-10 15:50:56
NFUWA-001-6EA8F48AB6EFB4F2C1C5785DE18B88F498594DF6A786D57F72DB3902C1F54AC8,windows-uwa,windows-uwa,134.214.214.221,FR,Auvergne-Rhone-Alpes,LYON,2024-05-16 07:11:08
NFUWA-001-6EA8F48AB6EFB4F2C1C5785DE18B88F498594DF6A786D57F72DB3902C1F54AC8,windows-uwa,windows-uwa,154.49.228.81,FR,Grand-Est,TROYES,2024-02-18 00:24:43
NFUWA-001-6EA8F48AB6EFB4F2C1C5785DE18B88F498594DF6A786D57F72DB3902C1F54AC8,windows-uwa,windows-uwa,80.214.218.218,FR,Auvergne-Rhone-Alpes,SAINT-GENEST-LERPT,2024-03-15 01:17:31
NFUWA-001-6EA8F48AB6EFB4F2C1C5785DE18B88F498594DF6A786D57F72DB3902C1F54AC8,windows-uwa,windows-uwa,2a01:cb1d:6e3:7c00:c53e:8e45:7525:ace,FR,Provence-Alpes-Cote-D'azur,ANTIBES,2024-04-04 01:14:05
NFUWA-001-6EA8F48AB6EFB4F2C1C5785DE18B88F498594DF6A786D57F72DB3902C1F54AC8,windows-uwa,windows-uwa,2a04:cec0:106f:5db9:4504:5552:ca9:1abc,FR,Auvergne-Rhone-Alpes,ROANNE,2024-03-09 17:16:24
NFUWA-001-6EA8F48AB6EFB4F2C1C5785DE18B88F498594DF6A786D57F72DB3902C1F54AC8,windows-uwa,windows-uwa,134.214.188.164,FR,Auvergne-Rhone-Alpes,VILLEURBANNE,2024-04-25 16:43:20
NFUWA-001-6EA8F48AB6EFB4F2C1C5785DE18B88F498594DF6A786D57F72DB3902C1F54AC8,windows-uwa,windows-uwa,80.214.221.123,FR,Auvergne-Rhone-Alpes,SAINTE-FOY-LES-LYON,2024-03-22 01:46:30
NFUWA-001-6EA8F48AB6EFB4F2C1C5785DE18B88F498594DF6A786D57F72DB3902C1F54AC8,windows-uwa,windows-uwa,2a01:cb1d:62b:d100:dc4f:2109:c82e:f7f4,FR,Provence-Alpes-Cote-D'azur,ANTIBES,2024-03-25 02:11:12
NFUWA-001-6EA8F48AB6EFB4F2C1C5785DE18B88F498594DF6A786D57F72DB3902C1F54AC8,windows-uwa,windows-uwa,2a04:cec0:106f:a43c:f520:af54:aa60:bdf6,FR,Ile-De-France,THIAIS,2024-04-13 02:33:26
NFUWA-001-6EA8F48AB6EFB4F2C1C5785DE18B88F498594DF6A786D57F72DB3902C1F54AC8,windows-uwa,windows-uwa,2a04:cec0:1076:f300:d03c:42e5:5ec8:23d8,FR,Auvergne-Rhone-Alpes,EYBENS,2024-03-11 23:50:48
NFUWA-001-6EA8F48AB6EFB4F2C1C5785DE18B88F498594DF6A786D57F72DB3902C1F54AC8,windows-uwa,windows-uwa,2a04:cec0:1066:bdfa:55e1:f563:18d1:f495,FR,Auvergne-Rhone-Alpes,MARNAZ,2024-04-13 17:02:05
NFUWA-001-6EA8F48AB6EFB4F2C1C5785DE18B88F498594DF6A786D57F72DB3902C1F54AC8,windows-uwa,windows-uwa,80.214.221.154,FR,Auvergne-Rhone-Alpes,SURY-LE-COMTAL,2024-04-13 19:24:15
NFUWA-001-6EA8F48AB6EFB4F2C1C5785DE18B88F498594DF6A786D57F72DB3902C1F54AC8,windows-uwa,windows-uwa,2a04:cec0:1063:295a:c864:8a93:2ec4:e618,FR,Auvergne-Rhone-Alpes,RIORGES,2024-05-05 15:19:13
NFUWA-001-6EA8F48AB6EFB4F2C1C5785DE18B88F498594DF6A786D57F72DB3902C1F54AC8,windows-uwa,windows-uwa,2a04:cec0:1061:bc82:e96a:19f3:57de:8d59,FR,Auvergne-Rhone-Alpes,LYON,2024-03-02 23:35:40
NFUWA-001-6EA8F48AB6EFB4F2C1C5785DE18B88F498594DF6A786D57F72DB3902C1F54AC8,windows-uwa,windows-uwa,154.49.228.81,FR,Auvergne-Rhone-Alpes,VILLEURBANNE,2024-03-03 12:24:56
NFUWA-001-6EA8F48AB6EFB4F2C1C5785DE18B88F498594DF6A786D57F72DB3902C1F54AC8,windows-uwa,windows-uwa,2a01:cb1d:6e3:7c00:ecd3:1863:6779:3699,FR,Provence-Alpes-Cote-D'azur,ANTIBES,2024-03-30 03:21:57
NFUWA-001-6EA8F48AB6EFB4F2C1C5785DE18B88F498594DF6A786D57F72DB3902C1F54AC8,windows-uwa,windows-uwa,2a04:cec0:1066:b995:944b:63a7:593e:1f09,FR,Auvergne-Rhone-Alpes,EVEUX,2024-05-01 21:03:05
NFUWA-001-6EA8F48AB6EFB4F2C1C5785DE18B88F498594DF6A786D57F72DB3902C1F54AC8,windows-uwa,windows-uwa,80.214.153.174,FR,Auvergne-Rhone-Alpes,MARCOUX,2024-05-20 10:21:59
NFUWA-001-6EA8F48AB6EFB4F2C1C5785DE18B88F498594DF6A786D57F72DB3902C1F54AC8,windows-uwa,windows-uwa,2a04:cec0:1064:2da6:ad46:9a2c:b22a:beb4,FR,Auvergne-Rhone-Alpes,LYON,2024-02-25 00:07:41
NFUWA-001-6EA8F48AB6EFB4F2C1C5785DE18B88F498594DF6A786D57F72DB3902C1F54AC8,windows-uwa,windows-uwa,2a01:cb1d:62b:d100:1448:37ed:7857:275b,FR,Provence-Alpes-Cote-D'azur,ANTIBES,2024-02-08 20:27:44
NFUWA-001-6EA8F48AB6EFB4F2C1C5785DE18B88F498594DF6A786D57F72DB3902C1F54AC8,windows-uwa,windows-uwa,80.214.159.37,FR,Auvergne-Rhone-Alpes,FERNEY-VOLTAIRE,2024-04-20 00:37:54
NFUWA-001-6EA8F48AB6EFB4F2C1C5785DE18B88F498594DF6A786D57F72DB3902C1F54AC8,windows-uwa,windows-uwa,80.214.159.37,FR,Auvergne-Rhone-Alpes,PIERRE-BENITE,2024-04-20 00:37:54
NFUWA-001-6EA8F48AB6EFB4F2C1C5785DE18B88F498594DF6A786D57F72DB3902C1F54AC8,windows-uwa,windows-uwa,2a04:cec0:107d:52f7:79bb:a65e:8eee:6602,FR,Auvergne-Rhone-Alpes,VILLEURBANNE,2024-04-27 22:44:34
NFUWA-001-6EA8F48AB6EFB4F2C1C5785DE18B88F498594DF6A786D57F72DB3902C1F54AC8,windows-uwa,windows-uwa,80.214.158.13,FR,Auvergne-Rhone-Alpes,LYON,2024-04-13 02:33:23
NFUWA-001-6EA8F48AB6EFB4F2C1C5785DE18B88F498594DF6A786D57F72DB3902C1F54AC8,windows-uwa,windows-uwa,2a04:cec0:1075:31a1:a953:3db4:8daa:6d37,FR,Auvergne-Rhone-Alpes,LYON,2024-05-18 22:21:16
NFUWA-001-6EA8F48AB6EFB4F2C1C5785DE18B88F498594DF6A786D57F72DB3902C1F54AC8,windows-uwa,windows-uwa,2a04:cec0:1069:68a4:3cc0:f430:5333:462e,FR,Auvergne-Rhone-Alpes,VILLEURBANNE,2024-02-20 14:33:04
NFUWA-001-9403DEC498EC7AAF285B48FCB103DBB9B8DA307A8F5066B5EEB50BC4D8E1E04665AEC4F4A43F1EBC5AA9BEBC1D4E6F1CC8D151268EA0D36B7297F09B3DD1127D,windows-uwa,windows-uwa,196.70.74.24,MA,Tanger-tetouan-al Hoceima,TETOUAN,2024-07-20 00:36:06
NFUWA-001-9403DEC498EC7AAF285B48FCB103DBB9B8DA307A8F5066B5EEB50BC4D8E1E04665AEC4F4A43F1EBC5AA9BEBC1D4E6F1CC8D151268EA0D36B7297F09B3DD1127D,windows-uwa,windows-uwa,41.143.89.216,MA,Tanger-tetouan-al Hoceima,TETOUAN,2024-06-03 21:05:55
NFUWA-001-9403DEC498EC7AAF285B48FCB103DBB9B8DA307A8F5066B5EEB50BC4D8E1E04665AEC4F4A43F1EBC5AA9BEBC1D4E6F1CC8D151268EA0D36B7297F09B3DD1127D,windows-uwa,windows-uwa,41.143.100.92,MA,Tanger-tetouan-al Hoceima,TETOUAN,2024-06-20 17:45:52
NFUWA-001-9403DEC498EC7AAF285B48FCB103DBB9B8DA307A8F5066B5EEB50BC4D8E1E04665AEC4F4A43F1EBC5AA9BEBC1D4E6F1CC8D151268EA0D36B7297F09B3DD1127D,windows-uwa,windows-uwa,41.248.23.45,MA,Tanger-tetouan-al Hoceima,TETOUAN,2024-06-16 00:09:26
NFUWA-001-9403DEC498EC7AAF285B48FCB103DBB9B8DA307A8F5066B5EEB50BC4D8E1E04665AEC4F4A43F1EBC5AA9BEBC1D4E6F1CC8D151268EA0D36B7297F09B3DD1127D,windows-uwa,windows-uwa,160.178.254.59,MA,Tanger-tetouan-al Hoceima,TETOUAN,2024-07-08 23:31:00
NFUWA-001-9403DEC498EC7AAF285B48FCB103DBB9B8DA307A8F5066B5EEB50BC4D8E1E04665AEC4F4A43F1EBC5AA9BEBC1D4E6F1CC8D151268EA0D36B7297F09B3DD1127D,windows-uwa,windows-uwa,196.70.73.148,MA,Tanger-tetouan-al Hoceima,TETOUAN,2024-07-14 23:29:17
NFUWA-001-9403DEC498EC7AAF285B48FCB103DBB9B8DA307A8F5066B5EEB50BC4D8E1E04665AEC4F4A43F1EBC5AA9BEBC1D4E6F1CC8D151268EA0D36B7297F09B3DD1127D,windows-uwa,windows-uwa,41.249.77.54,MA,Tanger-tetouan-al Hoceima,TETOUAN,2024-07-10 00:08:51
NFUWA-001-9403DEC498EC7AAF285B48FCB103DBB9B8DA307A8F5066B5EEB50BC4D8E1E04665AEC4F4A43F1EBC5AA9BEBC1D4E6F1CC8D151268EA0D36B7297F09B3DD1127D,windows-uwa,windows-uwa,185.108.107.43,FI,Uusimaa,HELSINKI,2024-06-10 20:32:32
NFUWA-001-9403DEC498EC7AAF285B48FCB103DBB9B8DA307A8F5066B5EEB50BC4D8E1E04665AEC4F4A43F1EBC5AA9BEBC1D4E6F1CC8D151268EA0D36B7297F09B3DD1127D,windows-uwa,windows-uwa,105.155.52.149,MA,Tanger-tetouan-al Hoceima,TETOUAN,2024-05-23 17:51:46
NFUWA-001-9403DEC498EC7AAF285B48FCB103DBB9B8DA307A8F5066B5EEB50BC4D8E1E04665AEC4F4A43F1EBC5AA9BEBC1D4E6F1CC8D151268EA0D36B7297F09B3DD1127D,windows-uwa,windows-uwa,41.143.91.24,MA,Tanger-tetouan-al Hoceima,TETOUAN,2024-05-23 18:13:35
NFUWA-001-9403DEC498EC7AAF285B48FCB103DBB9B8DA307A8F5066B5EEB50BC4D8E1E04665AEC4F4A43F1EBC5AA9BEBC1D4E6F1CC8D151268EA0D36B7297F09B3DD1127D,windows-uwa,windows-uwa,196.74.137.223,MA,Tanger-tetouan-al Hoceima,TETOUAN,2024-06-21 20:07:15
NFUWA-001-9403DEC498EC7AAF285B48FCB103DBB9B8DA307A8F5066B5EEB50BC4D8E1E04665AEC4F4A43F1EBC5AA9BEBC1D4E6F1CC8D151268EA0D36B7297F09B3DD1127D,windows-uwa,windows-uwa,196.70.75.183,MA,Tanger-tetouan-al Hoceima,TETOUAN,2024-06-17 17:14:53
NFUWA-001-9403DEC498EC7AAF285B48FCB103DBB9B8DA307A8F5066B5EEB50BC4D8E1E04665AEC4F4A43F1EBC5AA9BEBC1D4E6F1CC8D151268EA0D36B7297F09B3DD1127D,windows-uwa,windows-uwa,196.77.115.146,MA,Tanger-tetouan-al Hoceima,TETOUAN,2024-06-12 20:39:09
NFUWA-001-9403DEC498EC7AAF285B48FCB103DBB9B8DA307A8F5066B5EEB50BC4D8E1E04665AEC4F4A43F1EBC5AA9BEBC1D4E6F1CC8D151268EA0D36B7297F09B3DD1127D,windows-uwa,windows-uwa,105.158.203.152,MA,Tanger-tetouan-al Hoceima,TETOUAN,2024-06-05 15:02:19
NFUWA-001-9403DEC498EC7AAF285B48FCB103DBB9B8DA307A8F5066B5EEB50BC4D8E1E04665AEC4F4A43F1EBC5AA9BEBC1D4E6F1CC8D151268EA0D36B7297F09B3DD1127D,windows-uwa,windows-uwa,160.177.226.240,MA,Tanger-tetouan-al Hoceima,TETOUAN,2024-07-05 22:28:48
NFUWA-001-9403DEC498EC7AAF285B48FCB103DBB9B8DA307A8F5066B5EEB50BC4D8E1E04665AEC4F4A43F1EBC5AA9BEBC1D4E6F1CC8D151268EA0D36B7297F09B3DD1127D,windows-uwa,windows-uwa,105.155.63.220,MA,Tanger-tetouan-al Hoceima,TETOUAN,2024-05-26 15:25:00
NFUWA-001-9403DEC498EC7AAF285B48FCB103DBB9B8DA307A8F5066B5EEB50BC4D8E1E04665AEC4F4A43F1EBC5AA9BEBC1D4E6F1CC8D151268EA0D36B7297F09B3DD1127D,windows-uwa,windows-uwa,196.65.252.28,MA,Tanger-tetouan-al Hoceima,TETOUAN,2024-06-26 18:51:07
NFUWA-001-9403DEC498EC7AAF285B48FCB103DBB9B8DA307A8F5066B5EEB50BC4D8E1E04665AEC4F4A43F1EBC5AA9BEBC1D4E6F1CC8D151268EA0D36B7297F09B3DD1127D,windows-uwa,windows-uwa,196.65.255.113,MA,Tanger-tetouan-al Hoceima,TETOUAN,2024-06-30 00:00:16
SSTV-KS20-0000000000000017851850,SAMSUNG_UA32T5300AUXMV,SAMSUNG_UA32T5300AUXMV,105.155.49.72,MA,Tanger-tetouan-al Hoceima,TETOUAN,2024-11-24 11:54:32
SSTV-KS20-0000000000000017851850,SAMSUNG_UA32T5300AUXMV,SAMSUNG_UA32T5300AUXMV,196.77.126.236,MA,Tanger-tetouan-al Hoceima,TETOUAN,2024-07-12 16:00:21
SSTV-KS20-0000000000000017851850,SAMSUNG_UA32T5300AUXMV,SAMSUNG_UA32T5300AUXMV,160.179.220.150,MA,Tanger-tetouan-al Hoceima,TETOUAN,2024-08-09 09:02:05
SSTV-KS20-0000000000000017851850,SAMSUNG_UA32T5300AUXMV,SAMSUNG_UA32T5300AUXMV,41.248.20.43,MA,Tanger-tetouan-al Hoceima,TETOUAN,2024-07-08 14:44:11
SSTV-KS20-0000000000000017851850,SAMSUNG_UA32T5300AUXMV,SAMSUNG_UA32T5300AUXMV,196.89.238.36,MA,Tanger-tetouan-al Hoceima,TETOUAN,2024-07-13 19:53:30
SSTV-KS20-0000000000000017851850,SAMSUNG_UA32T5300AUXMV,SAMSUNG_UA32T5300AUXMV,41.249.64.36,MA,Tanger-tetouan-al Hoceima,CHEFCHAOUEN,2024-07-12 17:17:04
SSTV-KS20-0000000000000017851850,SAMSUNG_UA32T5300AUXMV,SAMSUNG_UA32T5300AUXMV,41.249.70.6,MA,Tanger-tetouan-al Hoceima,TETOUAN,2024-08-03 09:05:23
SSTV-KS20-0000000000000017851850,SAMSUNG_UA32T5300AUXMV,SAMSUNG_UA32T5300AUXMV,196.74.141.84,MA,Tanger-tetouan-al Hoceima,TETOUAN,2024-07-13 23:55:04
SSTV-KS20-0000000000000017851850,SAMSUNG_UA32T5300AUXMV,SAMSUNG_UA32T5300AUXMV,160.178.254.59,MA,Tanger-tetouan-al Hoceima,TETOUAN,2024-07-08 16:00:58
SSTV-NVT5-0000000000000014773308,SAMSUNG_UE48J5278,SAMSUNG_UE48J5278,105.155.49.72,MA,Tanger-tetouan-al Hoceima,TETOUAN,2024-11-24 12:50:01
SSTV-NVT5-0000000000000014773308,SAMSUNG_UE48J5278,SAMSUNG_UE48J5278,41.249.64.36,MA,Tanger-tetouan-al Hoceima,CHEFCHAOUEN,2024-07-12 17:57:36
SSTV-NVT5-0000000000000014773308,SAMSUNG_UE48J5278,SAMSUNG_UE48J5278,196.74.140.106,MA,Tanger-tetouan-al Hoceima,TETOUAN,2024-11-23 21:02:28
SSTV-NVT5-0000000000000014773308,SAMSUNG_UE48J5278,SAMSUNG_UE48J5278,41.143.95.194,MA,Tanger-tetouan-al Hoceima,CHEFCHAOUEN,2024-08-13 19:27:06
SSTV-NVT5-0000000000000014773308,SAMSUNG_UE48J5278,SAMSUNG_UE48J5278,196.89.235.148,MA,Tanger-tetouan-al Hoceima,TETOUAN,2024-08-19 01:20:19
SSTV-NVT5-0000000000000014773308,SAMSUNG_UE48J5278,SAMSUNG_UE48J5278,41.248.20.43,MA,Tanger-tetouan-al Hoceima,TETOUAN,2024-07-08 13:49:06
SSTV-NVT5-0000000000000014773308,SAMSUNG_UE48J5278,SAMSUNG_UE48J5278,160.176.253.117,MA,Tanger-tetouan-al Hoceima,TETOUAN,2024-05-30 00:41:54
SSTV-NVT5-0000000000000014773308,SAMSUNG_UE48J5278,SAMSUNG_UE48J5278,105.155.53.113,MA,Tanger-tetouan-al Hoceima,TETOUAN,2024-05-09 00:00:10
SSTV-NVT5-0000000000000014773308,SAMSUNG_UE48J5278,SAMSUNG_UE48J5278,196.77.126.236,MA,Tanger-tetouan-al Hoceima,TETOUAN,2024-07-12 15:11:20
SSTV-NVT5-0000000000000014773308,SAMSUNG_UE48J5278,SAMSUNG_UE48J5278,196.65.252.96,MA,Tanger-tetouan-al Hoceima,TETOUAN,2024-07-21 15:50:46
