Profile Name,Title Name,Rating Type,Star Value,Thumbs Value,Device Model,Event Utc Ts,Region View Date
HICHAM,The Uncanny Counter,thumb,,3,HTML 5,2024-03-04 00:19:38,
HICHAM,Sixty Minutes,thumb,,3,HTML 5,2024-02-24 01:44:51,
HICHAM,Bloodhounds,thumb,,3,HTML 5,2023-10-28 00:55:58,
HICHAM,My Name,thumb,,3,HTML 5,2023-10-22 20:43:45,
HICHAM,Tonight You're Sleeping with Me,thumb,,1,HTML 5,2023-06-03 19:58:35,
HICHAM,2 Hearts,thumb,,3,HTML 5,2023-03-19 01:16:59,
HICHAM,Fighting,thumb,,2,HTML 5,2022-10-22 19:58:18,
HICHAM,Purple Hearts,thumb,,3,HTML 5,2022-10-16 22:36:56,
HICHAM,Christmas Made to Order,thumb,,2,HTML 5,2022-10-07 20:26:15,
HICHAM,Emily in Paris,thumb,,2,HTML 5,2022-01-16 20:38:46,
HICHAM,The Amazing Spider-Man 2,thumb,,2,Smart TV,2021-12-30 23:34:37,
HICHAM,The Amazing Spider-Man,thumb,,2,Smart TV,2021-12-29 23:38:02,
HICHAM,Spider-Man,thumb,,2,HTML 5,2021-12-27 22:26:22,
HICHAM,Bruised,thumb,,2,HTML 5,2021-12-05 21:32:21,
HICHAM,The Ronda Rousey Story: Through My Father's Eyes,thumb,,2,HTML 5,2021-10-24 21:28:31,
HICHAM,Sweet Girl,thumb,,2,HTML 5,2021-10-17 16:21:09,
HICHAM,S.W.A.T.,thumb,,2,HTML 5,2021-10-16 23:16:47,
HICHAM,Friendzone,thumb,,2,HTML 5,2021-10-02 21:08:21,
HICHAM,The Guilty,thumb,,2,HTML 5,2021-10-02 21:07:51,
HICHAM,Barfi!,thumb,,2,HTML 5,2021-02-04 23:07:39,
HICHAM,Hasee Toh Phasee,thumb,,2,HTML 5,2021-02-04 23:06:59,
HICHAM,Brain on Fire,thumb,,2,HTML 5,2021-01-30 00:54:25,
HICHAM,Feel the Beat,thumb,,2,HTML 5,2021-01-29 23:28:51,
HICHAM,Mary Kom,thumb,,2,Android Phone,2020-12-27 00:55:36,
HICHAM,DASH & LILY,thumb,,2,Android Phone,2020-11-23 14:50:14,
HICHAM,The Princess Switch: Switched Again,thumb,,2,HTML 5,2020-11-21 00:08:15,
HICHAM,Conor McGregor: Notorious,thumb,,2,HTML 5,2020-10-24 21:43:31,
HICHAM,Bleed for This,thumb,,2,HTML 5,2020-10-24 19:46:01,
HICHAM,Never Have I Ever,thumb,,2,HTML 5,2020-05-14 20:51:32,
HICHAM,Outer Banks,thumb,,2,HTML 5,2020-05-13 20:58:06,
HICHAM,Summertime,thumb,,2,HTML 5,2020-05-04 22:23:49,
HICHAM,Extraction,thumb,,2,HTML 5,2020-04-25 23:27:35,
HICHAM,Battle,thumb,,2,HTML 5,2020-04-24 22:55:50,
HICHAM,First Match,thumb,,2,HTML 5,2020-04-24 21:17:48,
HICHAM,Spenser Confidential,thumb,,2,HTML 5,2020-04-05 15:09:46,
HICHAM,The Princess Switch,thumb,,2,HTML 5,2020-04-03 23:24:48,
HICHAM,Tamasha,thumb,,2,HTML 5,2020-03-22 22:00:56,
HICHAM,Bright,thumb,,2,HTML 5,2020-10-17 00:13:07,
HICHAM,The Old Guard,thumb,,2,Android Phone,2020-07-31 21:05:02,
HICHAM,The Protector,thumb,,2,HTML 5,2020-07-12 15:41:10,
HICHAM,The Blacklist,thumb,,2,Android Phone,2020-04-03 03:23:12,
HICHAM,Spenser Confidential,thumb,,2,Android Phone,2020-03-22 02:46:25,
HICHAM,Locke & Key,thumb,,2,Android Phone,2020-03-21 22:04:34,
